"Code","Name"
"A100","A100 Можайское шоссе"
"A102","A102 автодорога Москва - Раменское"
"A104","A104 автодорога Москва - Дубна"
"A105","A105 автодорога в аэропорт Домодедово"
"A106","A106 Рублево-Успенское шоссе"
"A107","A107 Московское малое кольцо"
"A108","A108 Московское большое кольцо"
"A109","A109 Ильинское шоссе"
"A111","A111 подъезд к ""Завидово"""
"A113","A113 ЦКАД"
"A114","A114 автодорога от Вологды до трассы ""Кола"""
"A115","A115 автодорога Зуево - Новая Ладога"
"A117","A117 автодорога Опочка - раница с Белоруссией"
"A118","A118 Кольцевая автомобильная дорога вокруг г. Санкт-Петербурга"
"A119","A119 автодорога Вологда - Медвежьегорск - Р21 «Кола»"
"A121","A121 Сортавала"
"A122","A122 Выборгское шоссе"
"A123","A123 Приморское шоссе"
"A128","A128 Дорога жизни"
"A129","A129 автодорога Санкт-Петербург - Сортавала"
"A130","A130 автодорога Москва - Шумячи (граница с Белоруссией)"
"A132","A132 автодорога М1 ""Беларусь"" - Смоленск"
"A133","A133 М4 ""Дон"" - Елецкая Лазовка - Боринское - Липецк"
"A134","A134 автодорога М4 ""Дон"" - Воронеж"
"A135","A135 Восточное шоссе"
"A136","A136 Ростовское шоссе"
"A142","A142 автодорога Тросна - Калиновка"
"A143","A143 автодорога Тамбов - Шацк"
"A146","A146 автодорога Краснодар - Верхнебаканский"
"A147","A147 автодорога Джубга - Сочи - граница с Абхазией"
"A148","A148 Дублер Курортного проспекта"
"A149","A149 Старое Краснополянское шоссе"
"A151","A151 автодорога Цивильск - Ульяновск"
"A153","A153 автодорога Нытва - Кудымкар"
"A154","A154 автодорога Урвань - Верхняя Балкария"
"A155","A155 автодорога Черкесск - Домбай - граница с Абхазией"
"A157","A157 автодорога Минеральные Воды (аэропорт) - А155 Карачаевск"
"A158","A158 автодорога Прохладный - Эльбрус"
"A160","A160 автодорога Майкоп - Кореновск"
"A161","A161 автодорога Владикавказ - Нижний Ларс"
"A162","A162 автодорога Владикавказ - Алагир"
"A164","A164 Транскам"
"A165","A165 автодорога Лермонтов - Черкесск"
"A167","A167 автодорога Кочубей - Минеральные Воды"
"A17","A17 Керчь - Ялта"
"A18","A18 Джанкой - Армянск"
"A180","A180 Нарва"
"A181","A181 Скандинавия"
"A184","A184 автодорога Уссурийск - Пограничный"
"A188","A188 автодорога Угловое - Находка"
"A190","A190 автодорога Васильково (Калининград) - Полесск - Советское"
"A192","A192 автодорога Зеленоградск - Приморск"
"A193","A193 автодорога Калиниград - Балтийск"
"A194","A194 автодорога Калининград - граница Республики Польши"
"A195","A195 автодорога Калиниград - Багратионовск (граница с Польшой)"
"A196","A196 автодорога Калининград - Крылово"
"A198","A198 автодорога Советск - Гусев"
"A212","A212 автодорога Псков - граница с Эстонской Республикой"
"A215","A215 Лодейное Поле - Вытегра - Прокшино - Плесецк - Брин-Наволок"
"A229","A229 автодорога Калининград - Чернышевское"
"A23","A23 Керчь - Севастополь"
"A240","A240 автодорога Брянск - граница с Республикой Белоруссия"
"A260","A260 Волгоград - МАПП ""Изварино"" граница с Украиной"
"A270","A270 автодорога Майский - МАПП ""Должанский"" граница с Украиной"
"A280","A280 автодорога Ростов-на-Дону - Максимов граница с Украиной"
"A289","A289 Краснодар - Славянск-на-Кубани - Темрюк - автомобильная дорога А-290 Новороссийск - Керчь"
"A290","A290 автодорога Новороссийск - порт ""Кавказ"""
"A291","A291 Таврида"
"A295","A295 автодорога Йошкар-Ола - Казань"
"A298","A298 автомобильная дорога Р-208 ""Тамбов - Пенза"" - Саратов - Пристанное - Ершов - Озинки - граница с Республикой Казахстан"
"A300","A300 автодорога Самара - граница с Казахстаном"
"A301","A301 автодорога Беслан - Нижний Ларс до границы с Грузией"
"A305","A305 автодорога Оренбург - Илек"
"A310","A310 автодорога Челябинск - Троицк - граница с Казахстаном"
"A320","A320 автодорога Омск - Черлак - граница с Казахстаном"
"A331","A331 Вилюй"
"A333","A333 автодорога Култук - граница с Монголией"
"A340","A340 Кяхтинский тракт"
"A349","A349 Барнаул - Рубцовск"
"A350","A350 автодорога Чита - граница с Китаем"
"A360","A360 Лена"
"A370","A370 Уссури"
"A371","A371 Владивосток - остров Русский"
"A376","A376 Хабаровск - Лидога - Ванино - Комсомольск-на-Амуре"
"A391","A391 автодорога Южно-Сахалинск - Корсаков"
"BY.M1","BY.M1 М1 ""Брест - Минск - граница России"""
"BY.M10","BY.M10 М10 ""граница России - Кобрин"""
"BY.M3","BY.M3 М3 ""Минск - Витебск"""
"BY.M6","BY.M6 М6 ""Минск - Гродно"""
"BY.M9","BY.M9 Минская кольцевая автомобильная дорога"
"KZ.M32","KZ.M32 М32 ""граница России (на Самару) - Шымкент"""
"KZ.M36","KZ.M36 М36 ""граница России (на Екатеринбург) - Алматы"""
"KZ.M38","KZ.M38 М38 ""граница России (на Омск) - граница КНР"""
"KZ.M51","KZ.M51 М51 ""граница России (на Челябинск) - граница России (на Новосибирск)"""
"M1","M1 Беларусь"
"M10","M10 Россия"
"M11","M11 Нева"
"M12","M12 Восток"
"M2","M2 Крым"
"M3","M3 Украина"
"M4","M4 Дон"
"M5","M5 Урал"
"M7","M7 М7-Волга"
"M8","M8 Холмогоры"
"M9","M9 Балтия"
"P1","P1 автодорога Брин-Наволок (М8) - Прокшино (А119)"
"P10","P10 автодорога Лиинахамари — граница Финляндии (Виртаниеми)"
"P100","P100 автодорога Судиславль - Солигалич"
"P101","P101 автодорога Островское - Кинешма"
"P104","P104 автодорога Сергиев Посад - Череповец"
"P105","P105 Егорьевское шоссе, Касимовское шоссе"
"P106","P106 автодорога Куровское - Самойлиха"
"P107","P107 автодорога Клин - Лотошино"
"P108","P108 автодорога Суворово - Руза"
"P109","P109 Монинское шоссе"
"P110","P110 Фряновское шоссе"
"P111","P111 Пятницкое шоссе"
"P112","P112 автодорога Жестылево - Темпы"
"P113","P113 Рогачёвское шоссе"
"P114","P114 автодорога Кашира - Узловая"
"P115","P115 автодорога Егорьевск - Ненашево"
"P116","P116 автодорога Дубна - Горицы"
"P119","P119 автодорога Орел - Тамбов"
"P120","P120 автодорога Орел - граница Белоруссии"
"P124","P124 автодорога Шацк - Касимов"
"P125","P125 автодорога Нижний Новгород - Ряжск"
"P126","P126 автодорога Рязань - Ефремов"
"P127","P127 автодорога Пехлец - Скопин"
"P130","P130 автодорога Демидов - Рудня"
"P132","P132 Золотое кольцо"
"P133","P133 автодорога Ольша - Невель"
"P134","P134 автодорога Смоленск - Зубцов"
"P136","P136 автодорога Витязи - Нелидово"
"P137","P137 автодорога Сафоново - Рославль"
"P139","P139 автодорога Тула - Белев"
"P141","P141 автодорога Лапотково - Ефремов"
"P146","P146 автодорога Чекалин - Ханино"
"P148","P148 автодорога Щекино - Арсеньево"
"P151","P151 автодорога Ярославль - Рыбинск"
"P152","P152 автодорога Ростов - Нижний Новгород"
"P153","P153 автодорога Углич - Ростов"
"P157","P157 автодорога Урень - Котлас"
"P158","P158 автодорога Нижний Новгород - Саратов"
"P159","P159 автодорога Нижний Новгород - Яранск"
"P160","P160 автодорога Линда - Заволжье"
"P161","P161 автодорога Навашино - Выкса"
"P162","P162 автодорога Малиновка - Порецкое"
"P166","P166 автодорога Киров - Белая Холуница"
"P167","P167 автодорога Киров - Стрижи"
"P168","P168 автодорога Киров - Нижнеивкино"
"P169","P169 автодорога Киров - Вятские Поляны"
"P172","P172 автодорога Йошкар-Ола - Уржум"
"P173","P173 автодорога Йошкар-Ола - Кадикасы (М7)"
"P176","P176 Вятка"
"P178","P178 автодорога Саранск - Ульяновск"
"P179","P179 автодорога Саранск - Рузаевка"
"P18","P18 автодорога Беломорск - Пушной (Р21 ""Кола"")"
"P185","P185 автодорога Белгород - Россошь"
"P186","P186 автодорога Белгород - граница с Украиной"
"P187","P187 автодорога Новый Оскол - Ровеньки"
"P188","P188 автодорога Старый Оскол - Новый Оскол"
"P189","P189 автодорога Короча - Старый Оскол - Горшечное"
"P19","P19 автодорога Петрозаводск - Ошта"
"P190","P190 автодорога Лукьяновка - Тим"
"P193","P193 автодорога Воронеж - Тамбов"
"P194","P194 автодорога Девица - граница с Украиной"
"P196","P196 автодорога Постоялый (Р194) - Александровка Донская (М4)"
"P199","P199 автодорога Селиховы Дворы - граница с Украиной"
"P2","P2 автодорога Долматово - Пудож"
"P203","P203 Грязинское шоссе"
"P204","P204 автодорога Мичуринск - Липецк"
"P205","P205 автодорога Липецк - Данков"
"P208","P208 автодорога Тамбов - Пенза"
"P209","P209 автодорога Кирсанов - Пенза"
"P21","P21 Кола"
"P214","P214 автодорога Астрахань - Камызяк"
"P215","P215 автодорога Астрахань - Махачкала"
"P216","P216 автодорога Астрахань - Ставрополь"
"P217","P217 Кавказ"
"P22","P22 Каспий"
"P225","P225 автодорога Самара - Бугуруслан"
"P226","P226 аводорога Самара - Волгоград"
"P227","P227 автодорога Сызрань - Усолье"
"P228","P228 автодорога Сызрань - Волгоград"
"P23","P23 автодорога Санкт-Петербург - граница с Республикой Белоруссия"
"P231","P231 автодорога Сурское - Юнга (М7)"
"P234","P234 автодорога Елшанка (Саратов) - Песчаный Умет"
"P235","P235 автодорога Балашов - Ртищево"
"P239","P239 автодорога Казань - граница с Казахстаном"
"P240","P240 автодорога Уфа - Оренбург"
"P241","P241 автодорога Казань - Ульяновск"
"P242","P242 автодорога Пермь - Екатеринбург"
"P243","P243 Кострома - Шарья - Киров - Пермь"
"P246","P246 автодорога Бугульма - граница с Казахстаном (на Уральск)"
"P251","P251 автодорога Темрюк - Кропоткин"
"P252","P252 автодорога Светлый Путь - Анапа"
"P254","P254 Иртыш"
"P255","P255 Сибирь"
"P256","P256 Чуйский тракт"
"P257","P257 Енисей"
"P258","P258 Байкал"
"P26","P26 автодорога Сыктывкар - Троицко-Печорск"
"P262","P262 автодорога Ставрополь - Крайновка"
"P263","P263 автодорога Подгорная - Лагань"
"P265","P265 автодорога Черкесск - Архыз"
"P266","P266 автодорога Светлоград - Буденновск"
"P267","P267 автодорога Ставрополь - аэропорт Шпаковское"
"P268","P268 автодорога Батайск - Краснодар"
"P269","P269 автодорога Батайск - Ставрополь"
"P270","P270 автодорога Егорлыкская - Сальск"
"P271","P271 автодорога Миллерово - Вешенская"
"P275","P275 автодорога Махачкала - Гуниб"
"P277","P277 автодорога Гунибское шоссе - Вантляшевский перевал"
"P278","P278 автодорога Хасавюрт - Тлох"
"P279","P279 автодорога Хасавюрт - Бабаюрт"
"P280","P280 автодорога Манаскент - Первомайское"
"P288","P288 автодорога Нальчик - Майский"
"P290","P290 автодорога Прохладный - Эльхотово"
"P295","P295 автодорога Владикавказ - Второй Лескен"
"P296","P296 автодорога Моздок - Владикавказ"
"P297","P297 Амур"
"P298","P298 автодорога Курск - автомобильная дорога Р-22 ""Каспий"""
"P306","P306 автодорога Аргун - Буйнакск"
"P307","P307 автодорога Ищерская - Грозный"
"P308","P308 автодорога Червленная - Грозный"
"P315","P315 автодорога Уфа - Пермь (Р345)"
"P316","P316 автодорога Стерлитамак - Магнитогорск"
"P317","P317 автодорога Баженово - Черная Речка"
"P321","P321 автодорога Ижевск - Глазов"
"P322","P322 автодорога Ижевск - Сарапул"
"P327","P327 автодорога Курган - граница с Казахстаном (на Кустанай)"
"P328","P328 автодорога Шумиха - граница с Казахстаном (на Кустанай)"
"P329","P329 автодорога Шадринск - Ялуторовск"
"P330","P330 автодорога Шадринск - Миасское"
"P337","P337 автодорога Сара - Юлдыбаево"
"P34","P34 автодорога Рощино - Запорожское"
"P343","P343 автодорога Кунгур - Соликамск"
"P345","P345 автодорога Пермь - Усть-Качка"
"P35","P35 Гостилицкое шоссе"
"P351","P351 автодорога Екатеринбург - Тюмень"
"P352","P352 Серовский тракт"
"P353","P353 автодорога Нижний Тагил - Нижняя Салда"
"P354","P354 автодорога Екатеринбург - Курган"
"P355","P355 автодорога Екатеринбург - Полевской"
"P36","P36 автодорога Ладейное Поле - Чудово"
"P361","P361 автодорога Магнитогорск - Ира"
"P367","P367 автодорога Мартыново - Залесово"
"P368","P368 автодорога Бийск - Белокуриха"
"P369","P369 автодорога Красный Маяк (Р368) - Черга"
"P370","P370 автодорога Поспелиха - граница с Казахстаном"
"P371","P371 автодорога Алейск - граница с Казахстаном (на Павлодар)"
"P372","P372 автодорога Родино - Благовещенка"
"P373","P373 автодорога Иня - Туекта"
"P375","P375 автодорога Бийск - Артыбаш"
"P38","P38 автодорога Гатчина - Ополье"
"P380","P380 автодорога Новосибирск - Барнаул"
"P384","P384 автодорога Новосибирск - Юрга"
"P392","P392 автодорога Красный Яр - Тара"
"P393","P393 автодорога Омск - граница с Казахстаном"
"P398","P398 автодорога Томск - Колпашево"
"P399","P399 автодорога Каргала - Бакчар"
"P40","P40 автодорога Кемполово - Шапки"
"P400","P400 автодорога Томск - Мариинск"
"P401","P401 автодорога Тюмень - аэропорт Рощино"
"P402","P402 автодорога Тюмень - Омск"
"P403","P403 автодорога Ишим - граница с Казахстаном (на Петропавловск)"
"P404","P404 автодорога Тюмень - Ханты-Мансийск"
"P409","P409 автодорога Красноярск - Енисейск"
"P41","P41 автодорога Павлово - Луга"
"P410","P410 автодорога Канск - Троицк"
"P411","P411 автодорога Абакан - Саяногорск"
"P412","P412 автодорога Шарыпово - трасса М54 «Енисей» (173 км)"
"P413","P413 автодорога Заозерный - Агинское"
"P418","P418 автодорога Иркутск - Качуг"
"P436","P436 автодорога Улан-Удэ - Романовка - Чита"
"P437","P437 автодорога Романовка - Багдарин"
"P438","P438 автодорога Улан-Удэ - Курумкан"
"P440","P440 Джидинский тракт"
"P447","P447 автодорога Находка - Кавалерово"
"P449","P449 автодорога Лесное - Горячие Ключи"
"P456","P456 автодорога Бирофельд - Амурзет"
"P461","P461 автодорога Благовещенск - Облучье"
"P468","P468 автодорога Благовещенск - Углегорск"
"P48","P48 автодорога Яжелбицы - Сольцы"
"P50","P50 автодорога Демянск - Марево"
"P501","P501 автодорога Якутск - Булгуннахтях"
"P502","P502 автодорога Якутск - Амга"
"P503","P503 автодорога Якутск - Намцы"
"P504","P504 Колыма"
"P508","P508 автодорога Калининград - Неман"
"P51","P51 автодорога Шимск - Невель"
"P510","P510 автодорога Добровольск - граница с Польшей"
"P516","P516 автодорога Калининград - граница с Польшей"
"P53","P53 автодорога Спасская Полисть - Боровичи"
"P56","P56 автодорога Великий Новгород - Псков"
"P6","P6 автодорога Мостовая - Липин Бор"
"P60","P60 автодорога Псков - Краколье"
"P68","P68 автодорога Брянск - Куземки"
"P7","P7 автодорога Чекшино - Никольск"
"P71","P71 автодорога Сенинские Дворики - Кинешма"
"P72","P72 автодорога Владимир - Арзамас"
"P74","P74 автодорога Владимир - Переславль-Залесский"
"P75","P75 автодорога Верхние Дворики - Хрястово"
"P79","P79 автодорога Ново-Талицы (Иваново) - Шопша (Ярославль)"
"P8","P8 автодорога Устюжна - Валдай"
"P80","P80 автодорога Иваново - Родники"
"P81","P81 автодорога Кинешма - Чкаловск"
"P84","P84 автодорога Тверь - Устюжна"
"P85","P85 автодорога Вышний Волочек - Сонково"
"P87","P87 автодорога Ржев - Осташков"
"P90","P90 Суконниково (М1) - автодорога Тверь (М10)"
"P92","P92 автодорога Калуга - Орел"
"P93","P93 автодорога Медынь - Калуга"
"P94","P94 автодорога Перемышль - Сухиничи"
"P96","P96 автодорога Новоалександровский (А130) - Починок"
"P98","P98 автодорога Кострома - Верхнеспасское"
"P99","P99 автодорога Кострома - Буй"
